{"version":"1.149.0","results":[{"check_id":"java.spring.security.injection.tainted-sql-string.tainted-sql-string","path":"backend/SE_Experiment_Backend/src/main/java/org/example/controller/BookController.java","start":{"line":73,"col":22,"offset":2526},"end":{"line":73,"col":111,"offset":2615},"extra":{"message":"User data flows into this manually-constructed SQL string. User data can be safely inserted into SQL strings using prepared statements or an object-relational mapper (ORM). Manually-constructed SQL strings is a possible indicator of SQL injection, which could let an attacker steal or manipulate data from the database. Instead, use prepared statements (`connection.PreparedStatement`) or a safe library.","metadata":{"cwe":["CWE-89: Improper Neutralization of Special Elements used in an SQL Command ('SQL Injection')"],"owasp":["A01:2017 - Injection","A03:2021 - Injection","A05:2025 - Injection"],"references":["https://docs.oracle.com/javase/7/docs/api/java/sql/PreparedStatement.html"],"category":"security","technology":["spring"],"cwe2022-top25":true,"cwe2021-top25":true,"subcategory":["vuln"],"likelihood":"HIGH","impact":"MEDIUM","confidence":"MEDIUM","interfile":true,"license":"Semgrep Rules License v1.0. For more details, visit semgrep.dev/legal/rules-license","vulnerability_class":["SQL Injection"],"source":"https://semgrep.dev/r/java.spring.security.injection.tainted-sql-string.tainted-sql-string","shortlink":"https://sg.run/9rzz"},"severity":"ERROR","fingerprint":"requires login","lines":"requires login","validation_state":"NO_VALIDATOR","engine_kind":"OSS"}},{"check_id":"java.lang.security.audit.formatted-sql-string.formatted-sql-string","path":"backend/SE_Experiment_Backend/src/main/java/org/example/controller/BookController.java","start":{"line":74,"col":24,"offset":2640},"end":{"line":74,"col":46,"offset":2662},"extra":{"message":"Detected a formatted string in a SQL statement. This could lead to SQL injection if variables in the SQL statement are not properly sanitized. Use a prepared statements (java.sql.PreparedStatement) instead. You can obtain a PreparedStatement using 'connection.prepareStatement'.","metadata":{"cwe":["CWE-89: Improper Neutralization of Special Elements used in an SQL Command ('SQL Injection')"],"owasp":["A01:2017 - Injection","A03:2021 - Injection","A05:2025 - Injection"],"source-rule-url":"https://find-sec-bugs.github.io/bugs.htm#SQL_INJECTION","asvs":{"control_id":"5.3.5 Injection","control_url":"https://github.com/OWASP/ASVS/blob/master/4.0/en/0x13-V5-Validation-Sanitization-Encoding.md#v53-output-encoding-and-injection-prevention-requirements","section":"V5: Validation, Sanitization and Encoding Verification Requirements","version":"4"},"references":["https://cheatsheetseries.owasp.org/cheatsheets/SQL_Injection_Prevention_Cheat_Sheet.html","https://docs.oracle.com/javase/tutorial/jdbc/basics/prepared.html#create_ps","https://software-security.sans.org/developer-how-to/fix-sql-injection-in-java-using-prepared-callable-statement"],"category":"security","technology":["java"],"cwe2022-top25":true,"cwe2021-top25":true,"subcategory":["vuln"],"likelihood":"HIGH","impact":"MEDIUM","confidence":"MEDIUM","license":"Semgrep Rules License v1.0. For more details, visit semgrep.dev/legal/rules-license","vulnerability_class":["SQL Injection"],"source":"https://semgrep.dev/r/java.lang.security.audit.formatted-sql-string.formatted-sql-string","shortlink":"https://sg.run/OPXp"},"severity":"ERROR","fingerprint":"requires login","lines":"requires login","validation_state":"NO_VALIDATOR","engine_kind":"OSS"}},{"check_id":"java.spring.security.injection.tainted-file-path.tainted-file-path","path":"backend/SE_Experiment_Backend/src/main/java/org/example/controller/BookController.java","start":{"line":98,"col":60,"offset":3545},"end":{"line":98,"col":89,"offset":3574},"extra":{"message":"Detected user input controlling a file path. An attacker could control the location of this file, to include going backwards in the directory with '../'. To address this, ensure that user-controlled variables in file paths are sanitized. You may also consider using a utility method such as org.apache.commons.io.FilenameUtils.getName(...) to only retrieve the file name from the path.","metadata":{"cwe":["CWE-23: Relative Path Traversal"],"owasp":["A01:2021 - Broken Access Control","A01:2025 - Broken Access Control"],"references":["https://owasp.org/www-community/attacks/Path_Traversal"],"category":"security","technology":["java","spring"],"subcategory":["vuln"],"impact":"HIGH","likelihood":"MEDIUM","confidence":"HIGH","interfile":true,"license":"Semgrep Rules License v1.0. For more details, visit semgrep.dev/legal/rules-license","vulnerability_class":["Path Traversal"],"source":"https://semgrep.dev/r/java.spring.security.injection.tainted-file-path.tainted-file-path","shortlink":"https://sg.run/x9o0"},"severity":"ERROR","fingerprint":"requires login","lines":"requires login","validation_state":"NO_VALIDATOR","engine_kind":"OSS"}},{"check_id":"java.spring.security.injection.tainted-system-command.tainted-system-command","path":"backend/SE_Experiment_Backend/src/main/java/org/example/controller/BookController.java","start":{"line":113,"col":13,"offset":4233},"end":{"line":113,"col":66,"offset":4286},"extra":{"message":"Detected user input entering a method which executes a system command. This could result in a command injection vulnerability, which allows an attacker to inject an arbitrary system command onto the server. The attacker could download malware onto or steal data from the server. Instead, use ProcessBuilder, separating the command into individual arguments, like this: `new ProcessBuilder(\"ls\", \"-al\", targetDirectory)`. Further, make sure you hardcode or allowlist the actual command so that attackers can't run arbitrary commands.","metadata":{"cwe":["CWE-78: Improper Neutralization of Special Elements used in an OS Command ('OS Command Injection')"],"owasp":["A01:2017 - Injection","A03:2021 - Injection","A05:2025 - Injection"],"category":"security","technology":["java","spring"],"confidence":"HIGH","references":["https://www.stackhawk.com/blog/command-injection-java/","https://cheatsheetseries.owasp.org/cheatsheets/OS_Command_Injection_Defense_Cheat_Sheet.html","https://github.com/github/codeql/blob/main/java/ql/src/Security/CWE/CWE-078/ExecUnescaped.java"],"cwe2022-top25":true,"cwe2021-top25":true,"subcategory":["vuln"],"likelihood":"HIGH","impact":"HIGH","license":"Semgrep Rules License v1.0. For more details, visit semgrep.dev/legal/rules-license","vulnerability_class":["Command Injection"],"source":"https://semgrep.dev/r/java.spring.security.injection.tainted-system-command.tainted-system-command","shortlink":"https://sg.run/epY0"},"severity":"ERROR","fingerprint":"requires login","lines":"requires login","validation_state":"NO_VALIDATOR","engine_kind":"OSS"}},{"check_id":"java.lang.security.audit.object-deserialization.object-deserialization","path":"backend/SE_Experiment_Backend/src/main/java/org/example/controller/BookController.java","start":{"line":127,"col":13,"offset":4866},"end":{"line":127,"col":91,"offset":4944},"extra":{"message":"Found object deserialization using ObjectInputStream. Deserializing entire Java objects is dangerous because malicious actors can create Java object streams with unintended consequences. Ensure that the objects being deserialized are not user-controlled. If this must be done, consider using HMACs to sign the data stream to make sure it is not tampered with, or consider only transmitting object fields and populating a new object.","metadata":{"cwe":["CWE-502: Deserialization of Untrusted Data"],"owasp":["A08:2017 - Insecure Deserialization","A08:2021 - Software and Data Integrity Failures","A08:2025 - Software or Data Integrity Failures"],"source-rule-url":"https://find-sec-bugs.github.io/bugs.htm#OBJECT_DESERIALIZATION","references":["https://www.owasp.org/index.php/Deserialization_of_untrusted_data","https://www.oracle.com/java/technologies/javase/seccodeguide.html#8"],"category":"security","technology":["java"],"cwe2022-top25":true,"cwe2021-top25":true,"subcategory":["audit"],"likelihood":"LOW","impact":"HIGH","confidence":"LOW","license":"Semgrep Rules License v1.0. For more details, visit semgrep.dev/legal/rules-license","vulnerability_class":["Insecure Deserialization "],"source":"https://semgrep.dev/r/java.lang.security.audit.object-deserialization.object-deserialization","shortlink":"https://sg.run/Ek0A"},"severity":"WARNING","fingerprint":"requires login","lines":"requires login","validation_state":"NO_VALIDATOR","engine_kind":"OSS"}},{"check_id":"java.lang.security.audit.crypto.des-is-deprecated.des-is-deprecated","path":"backend/SE_Experiment_Backend/src/main/java/org/example/controller/BookController.java","start":{"line":158,"col":74,"offset":6430},"end":{"line":158,"col":79,"offset":6435},"extra":{"message":"DES is considered deprecated. AES is the recommended cipher. Upgrade to use AES. See https://www.nist.gov/news-events/news/2005/06/nist-withdraws-outdated-data-encryption-standard for more information.","fix":"\"AES/GCM/NoPadding\"","metadata":{"functional-categories":["crypto::search::symmetric-algorithm::javax.crypto"],"cwe":["CWE-326: Inadequate Encryption Strength"],"owasp":["A03:2017 - Sensitive Data Exposure","A02:2021 - Cryptographic Failures","A04:2025 - Cryptographic Failures"],"source-rule-url":"https://find-sec-bugs.github.io/bugs.htm#DES_USAGE","asvs":{"control_id":"6.2.5 Insecure Algorithm","control_url":"https://github.com/OWASP/ASVS/blob/master/4.0/en/0x14-V6-Cryptography.md#v62-algorithms","section":"V6 Stored Cryptography Verification Requirements","version":"4"},"references":["https://www.nist.gov/news-events/news/2005/06/nist-withdraws-outdated-data-encryption-standard","https://cheatsheetseries.owasp.org/cheatsheets/Cryptographic_Storage_Cheat_Sheet.html#algorithms"],"category":"security","technology":["java"],"subcategory":["vuln"],"likelihood":"MEDIUM","impact":"MEDIUM","confidence":"HIGH","license":"Semgrep Rules License v1.0. For more details, visit semgrep.dev/legal/rules-license","vulnerability_class":["Cryptographic Issues"],"source":"https://semgrep.dev/r/java.lang.security.audit.crypto.des-is-deprecated.des-is-deprecated","shortlink":"https://sg.run/5Q73"},"severity":"WARNING","fingerprint":"requires login","lines":"requires login","validation_state":"NO_VALIDATOR","engine_kind":"OSS"}},{"check_id":"java.lang.security.audit.crypto.desede-is-deprecated.desede-is-deprecated","path":"backend/SE_Experiment_Backend/src/main/java/org/example/controller/BookController.java","start":{"line":159,"col":48,"offset":6485},"end":{"line":159,"col":92,"offset":6529},"extra":{"message":"Triple DES (3DES or DESede) is considered deprecated. AES is the recommended cipher. Upgrade to use AES.","metadata":{"functional-categories":["crypto::search::symmetric-algorithm::javax.crypto"],"cwe":["CWE-326: Inadequate Encryption Strength"],"owasp":["A03:2017 - Sensitive Data Exposure","A02:2021 - Cryptographic Failures","A04:2025 - Cryptographic Failures"],"source-rule-url":"https://find-sec-bugs.github.io/bugs.htm#TDES_USAGE","references":["https://csrc.nist.gov/News/2017/Update-to-Current-Use-and-Deprecation-of-TDEA"],"category":"security","technology":["java"],"subcategory":["vuln"],"likelihood":"MEDIUM","impact":"MEDIUM","confidence":"HIGH","license":"Semgrep Rules License v1.0. For more details, visit semgrep.dev/legal/rules-license","vulnerability_class":["Cryptographic Issues"],"source":"https://semgrep.dev/r/java.lang.security.audit.crypto.desede-is-deprecated.desede-is-deprecated","shortlink":"https://sg.run/Geqn"},"severity":"WARNING","fingerprint":"requires login","lines":"requires login","validation_state":"NO_VALIDATOR","engine_kind":"OSS"}},{"check_id":"java.lang.security.audit.crypto.des-is-deprecated.des-is-deprecated","path":"backend/SE_Experiment_Backend/src/main/java/org/example/controller/BookController.java","start":{"line":159,"col":86,"offset":6523},"end":{"line":159,"col":91,"offset":6528},"extra":{"message":"DES is considered deprecated. AES is the recommended cipher. Upgrade to use AES. See https://www.nist.gov/news-events/news/2005/06/nist-withdraws-outdated-data-encryption-standard for more information.","fix":"\"AES/GCM/NoPadding\"","metadata":{"functional-categories":["crypto::search::symmetric-algorithm::javax.crypto"],"cwe":["CWE-326: Inadequate Encryption Strength"],"owasp":["A03:2017 - Sensitive Data Exposure","A02:2021 - Cryptographic Failures","A04:2025 - Cryptographic Failures"],"source-rule-url":"https://find-sec-bugs.github.io/bugs.htm#DES_USAGE","asvs":{"control_id":"6.2.5 Insecure Algorithm","control_url":"https://github.com/OWASP/ASVS/blob/master/4.0/en/0x14-V6-Cryptography.md#v62-algorithms","section":"V6 Stored Cryptography Verification Requirements","version":"4"},"references":["https://www.nist.gov/news-events/news/2005/06/nist-withdraws-outdated-data-encryption-standard","https://cheatsheetseries.owasp.org/cheatsheets/Cryptographic_Storage_Cheat_Sheet.html#algorithms"],"category":"security","technology":["java"],"subcategory":["vuln"],"likelihood":"MEDIUM","impact":"MEDIUM","confidence":"HIGH","license":"Semgrep Rules License v1.0. For more details, visit semgrep.dev/legal/rules-license","vulnerability_class":["Cryptographic Issues"],"source":"https://semgrep.dev/r/java.lang.security.audit.crypto.des-is-deprecated.des-is-deprecated","shortlink":"https://sg.run/5Q73"},"severity":"WARNING","fingerprint":"requires login","lines":"requires login","validation_state":"NO_VALIDATOR","engine_kind":"OSS"}},{"check_id":"java.spring.security.injection.tainted-html-string.tainted-html-string","path":"backend/SE_Experiment_Backend/src/main/java/org/example/controller/BookController.java","start":{"line":174,"col":34,"offset":7252},"end":{"line":174,"col":91,"offset":7309},"extra":{"message":"Detected user input flowing into a manually constructed HTML string. You may be accidentally bypassing secure methods of rendering HTML by manually constructing HTML and this could create a cross-site scripting vulnerability, which could let attackers steal sensitive user data. To be sure this is safe, check that the HTML is rendered safely. You can use the OWASP ESAPI encoder if you must render user data.","metadata":{"cwe":["CWE-79: Improper Neutralization of Input During Web Page Generation ('Cross-site Scripting')"],"owasp":["A07:2017 - Cross-Site Scripting (XSS)","A03:2021 - Injection","A05:2025 - Injection"],"references":["https://cheatsheetseries.owasp.org/cheatsheets/Cross_Site_Scripting_Prevention_Cheat_Sheet.html"],"category":"security","technology":["java","spring"],"cwe2022-top25":true,"cwe2021-top25":true,"subcategory":["vuln"],"likelihood":"HIGH","impact":"MEDIUM","confidence":"MEDIUM","license":"Semgrep Rules License v1.0. For more details, visit semgrep.dev/legal/rules-license","vulnerability_class":["Cross-Site-Scripting (XSS)"],"source":"https://semgrep.dev/r/java.spring.security.injection.tainted-html-string.tainted-html-string","shortlink":"https://sg.run/ObdR"},"severity":"ERROR","fingerprint":"requires login","lines":"requires login","validation_state":"NO_VALIDATOR","engine_kind":"OSS"}}],"errors":[],"paths":{"scanned":[".github/workflows/main.yml",".gitignore",".semgrepignore","QUICKSTART.md","README.md","SAST_EVALUATION_CHECKLIST.md","VULNERABILITY_LOCATIONS.md","VULNERABILITY_SUMMARY.md","backend/SE_Experiment_Backend/.gitignore","backend/SE_Experiment_Backend/pom.xml","backend/SE_Experiment_Backend/src/main/java/org/example/Main.java","backend/SE_Experiment_Backend/src/main/java/org/example/config/DataInitializer.java","backend/SE_Experiment_Backend/src/main/java/org/example/controller/BookController.java","backend/SE_Experiment_Backend/src/main/java/org/example/model/Book.java","backend/SE_Experiment_Backend/src/main/java/org/example/repository/BookRepository.java","backend/SE_Experiment_Backend/src/main/java/org/example/service/BookService.java","backend/SE_Experiment_Backend/src/main/resources/application.properties","frontend/SE_Experiment_Frontend/.editorconfig","frontend/SE_Experiment_Frontend/.gitignore","frontend/SE_Experiment_Frontend/README.md","frontend/SE_Experiment_Frontend/angular.json","frontend/SE_Experiment_Frontend/package-lock.json","frontend/SE_Experiment_Frontend/package.json","frontend/SE_Experiment_Frontend/public/favicon.ico","frontend/SE_Experiment_Frontend/src/app/app.config.ts","frontend/SE_Experiment_Frontend/src/app/app.css","frontend/SE_Experiment_Frontend/src/app/app.html","frontend/SE_Experiment_Frontend/src/app/app.routes.ts","frontend/SE_Experiment_Frontend/src/app/app.spec.ts","frontend/SE_Experiment_Frontend/src/app/app.ts","frontend/SE_Experiment_Frontend/src/app/components/book-form/book-form.component.css","frontend/SE_Experiment_Frontend/src/app/components/book-form/book-form.component.html","frontend/SE_Experiment_Frontend/src/app/components/book-form/book-form.component.ts","frontend/SE_Experiment_Frontend/src/app/components/book-list/book-list.component.css","frontend/SE_Experiment_Frontend/src/app/components/book-list/book-list.component.html","frontend/SE_Experiment_Frontend/src/app/components/book-list/book-list.component.ts","frontend/SE_Experiment_Frontend/src/app/models/book.model.ts","frontend/SE_Experiment_Frontend/src/app/services/book.service.ts","frontend/SE_Experiment_Frontend/src/index.html","frontend/SE_Experiment_Frontend/src/main.ts","frontend/SE_Experiment_Frontend/src/styles.css","frontend/SE_Experiment_Frontend/tsconfig.app.json","frontend/SE_Experiment_Frontend/tsconfig.json","frontend/SE_Experiment_Frontend/tsconfig.spec.json","semgrep_results/semgrep-results_fixed_test_issues/SEMGREP_EVALUATION_SUMMARY.md","semgrep_results/semgrep-results_fixed_test_issues/semgrep.json","semgrep_results/semgrep-results_fixed_test_issues.zip"]},"time":{"rules":[],"rules_parse_time":0.8875977993011475,"profiling_times":{"config_time":7.412296295166016,"core_time":1.70066499710083,"ignores_time":0.0009872913360595703,"total_time":9.118106603622437},"parsing_time":{"total_time":0.0,"per_file_time":{"mean":0.0,"std_dev":0.0},"very_slow_stats":{"time_ratio":0.0,"count_ratio":0.0},"very_slow_files":[]},"scanning_time":{"total_time":1.125002145767212,"per_file_time":{"mean":0.009297538394770353,"std_dev":0.0011031606485860292},"very_slow_stats":{"time_ratio":0.0,"count_ratio":0.0},"very_slow_files":[]},"matching_time":{"total_time":0.0,"per_file_and_rule_time":{"mean":0.0,"std_dev":0.0},"very_slow_stats":{"time_ratio":0.0,"count_ratio":0.0},"very_slow_rules_on_files":[]},"tainting_time":{"total_time":0.0,"per_def_and_rule_time":{"mean":0.0,"std_dev":0.0},"very_slow_stats":{"time_ratio":0.0,"count_ratio":0.0},"very_slow_rules_on_defs":[]},"fixpoint_timeouts":[],"prefiltering":{"project_level_time":0.0,"file_level_time":0.0,"rules_with_project_prefilters_ratio":0.0,"rules_with_file_prefilters_ratio":0.9793964016250726,"rules_selected_ratio":0.06558328496807893,"rules_matched_ratio":0.06558328496807893},"targets":[],"total_bytes":0,"max_memory_bytes":1300282944},"engine_requested":"OSS","skipped_rules":[],"profiling_results":[]}